{"lr": 0.0004438763161419671, "data_time": 0.0065605401992797855, "loss": 0.06360605705121998, "decode.loss_ce": 0.06360605705121998, "decode.acc_seg": 100.00000762939453, "time": 0.28345694541931155, "memory": 2303, "step": 50}
{"aAcc": 100.0, "mIoU": 50.0, "mAcc": 100.0, "data_time": 0.02531799340248108, "time": 3.778104918241501, "step": 50}
